Time,Xa,Ya,Za,,,,,,,,,,,,,,
0.037664783,-0.27,-0.73,-0.39,,,,,,,,,,,,,0.037664783,1
0.075329567,-0.22,-1.96,-0.09,,,,,,,,,,,,,0.037664783,2
0.11299435,-0.18,-0.93,-0.3,,,,,,,,,,,,,0.037664783,3
0.150659134,-0.18,-0.93,-0.3,,,,,,,,,,,,,0.037664783,4
0.188323917,-0.39,0.53,0.21,,,,,,,,,,,,,0.037664783,5
0.225988701,-0.3,-1,0.05,,,,,,,,,,,,,0.037664783,6
0.263653484,-0.15,-0.58,-0.81,,,,,,,,,,,,,0.037664783,7
0.301318267,-0.42,1.32,-0.02,,,,,,,,,,,,,0.037664783,8
0.338983051,-0.21,-1.3,-0.61,,,,,,,,,,,,,0.037664783,9
0.376647834,-0.35,-0.54,0.25,,,,,,,,,,,,,0.037664783,10
0.414312618,-0.48,2,-0.55,,,,,,,,,,,,,0.037664783,11
0.451977401,-0.29,-1.63,0.19,,,,,,,,,,,,,0.037664783,12
0.489642185,-0.26,0.74,-0.31,,,,,,,,,,,,,0.037664783,13
0.527306968,-0.43,0.95,-0.33,,,,,,,,,,,,,0.037664783,14
0.564971751,-0.14,-2,-0.2,,,,,,,,,,,,,0.037664783,15
0.602636535,-0.35,1.07,-0.52,,,,,,,,,,,,,0.037664783,16
0.640301318,-0.2,-0.5,-0.8,,,,,,,,,,,,,0.037664783,17
0.677966102,-0.32,-0.45,0.26,,,,,,,,,,,,,0.037664783,18
0.715630885,-0.37,-0.09,0.27,,,,,,,,,,,,,0.037664783,19
0.753295669,-0.15,0.3,-0.78,,,,,,,,,,,,,0.037664783,20
0.790960452,-0.18,-0.96,-0.17,,,,,,,,,,,,,0.037664783,21
0.828625235,-0.12,-1.58,-0.47,,,,,,,,,,,,,0.037664783,22
0.866290019,-0.33,-0.61,-0.1,,,,,,,,,,,,,0.037664783,23
0.903954802,-0.19,-0.89,-0.59,,,,,,,,,,,,,0.037664783,24
0.941619586,-0.23,-1.21,-0.11,,,,,,,,,,,,,0.037664783,25
0.979284369,-0.22,-1.68,-0.16,,,,,,,,,,,,,0.037664783,26
1.016949153,-0.17,-0.9,-0.48,,,,,,,,,,,,,0.037664783,27
1.054613936,-0.17,-1.16,-0.57,,,,,,,,,,,,,0.037664783,28
1.092278719,-0.14,-0.76,-0.11,,,,,,,,,,,,,0.037664783,29
1.129943503,-0.25,-0.71,-0.08,,,,,,,,,,,,,0.037664783,30
1.167608286,-0.32,0.61,-0.69,,,,,,,,,,,,,0.037664783,31
1.20527307,-0.18,-0.68,-0.16,,,,,,,,,,,,,0.037664783,32
1.242937853,-0.12,-1.48,-0.66,,,,,,,,,,,,,0.037664783,33
1.280602637,-0.25,-0.35,-0.42,,,,,,,,,,,,,0.037664783,34
1.31826742,-0.09,-0.39,-0.86,,,,,,,,,,,,,0.037664783,35
1.355932203,-0.12,-0.34,-0.56,,,,,,,,,,,,,0.037664783,36
1.393596987,-0.14,-2,-0.54,,,,,,,,,,,,,0.037664783,37
1.43126177,-0.14,-0.86,-0.37,,,,,,,,,,,,,0.037664783,38
1.468926554,-0.14,-0.11,-0.81,,,,,,,,,,,,,0.037664783,39
1.506591337,-0.32,-0.55,-0.16,,,,,,,,,,,,,0.037664783,40
1.544256121,-0.17,-0.78,-0.66,,,,,,,,,,,,,0.037664783,41
1.581920904,-0.18,-0.92,-0.49,,,,,,,,,,,,,0.037664783,42
1.619585687,-0.21,0.44,-0.34,,,,,,,,,,,,,0.037664783,43
1.657250471,-0.18,-1.45,-0.55,,,,,,,,,,,,,0.037664783,44
1.694915254,-0.08,-1.54,-0.52,,,,,,,,,,,,,0.037664783,45
1.732580038,-0.2,-0.45,-0.78,,,,,,,,,,,,,0.037664783,46
1.770244821,-0.2,-2,0.38,,,,,,,,,,,,,0.037664783,47
1.807909605,-0.3,-0.68,0.2,,,,,,,,,,,,,0.037664783,48
1.845574388,-0.24,-0.2,-0.63,,,,,,,,,,,,,0.037664783,49
1.883239171,-0.15,-1.43,-0.23,,,,,,,,,,,,,0.037664783,50
1.920903955,-0.2,-0.41,-0.61,,,,,,,,,,,,,0.037664783,51
1.958568738,-0.18,-1.19,-0.32,,,,,,,,,,,,,0.037664783,52
1.996233522,-0.13,-1.59,-0.59,,,,,,,,,,,,,0.037664783,53
2.033898305,-0.24,-1.05,-0.51,,,,,,,,,,,,,0.037664783,54
2.071563089,-0.09,-0.99,-0.79,,,,,,,,,,,,,0.037664783,55
2.109227872,-0.22,-0.43,-0.31,,,,,,,,,,,,,0.037664783,56
2.146892655,-0.23,-1.16,-0.16,,,,,,,,,,,,,0.037664783,57
2.184557439,-0.04,-2,-0.58,,,,,,,,,,,,,0.037664783,58
2.222222222,-0.3,1.39,-0.47,,,,,,,,,,,,,0.037664783,59
2.259887006,-0.18,0.13,-0.66,,,,,,,,,,,,,0.037664783,60
2.297551789,-0.25,0.26,-0.87,,,,,,,,,,,,,0.037664783,61
2.335216573,-0.01,-2,0.33,,,,,,,,,,,,,0.037664783,62
2.372881356,-0.26,-1.24,0.12,,,,,,,,,,,,,0.037664783,63
2.410546139,-0.21,-0.53,-0.59,,,,,,,,,,,,,0.037664783,64
2.448210923,-0.14,-1.62,-0.06,,,,,,,,,,,,,0.037664783,65
2.485875706,-0.12,-0.85,-0.72,,,,,,,,,,,,,0.037664783,66
2.52354049,-0.22,-0.12,-0.34,,,,,,,,,,,,,0.037664783,67
2.561205273,-0.22,-0.67,-0.43,,,,,,,,,,,,,0.037664783,68
2.598870056,-0.21,-0.57,0.14,,,,,,,,,,,,,0.037664783,69
2.63653484,-0.17,-1.21,-0.27,,,,,,,,,,,,,0.037664783,70
2.674199623,-0.22,-1.37,-0.4,,,,,,,,,,,,,0.037664783,71
2.711864407,-0.21,-1.8,-0.02,,,,,,,,,,,,,0.037664783,72
2.74952919,-0.16,0.46,-0.71,,,,,,,,,,,,,0.037664783,73
2.787193974,-0.13,0.55,-1.26,,,,,,,,,,,,,0.037664783,74
2.824858757,-0.26,-1.05,0.23,,,,,,,,,,,,,0.037664783,75
2.86252354,-0.18,-1.61,-0.2,,,,,,,,,,,,,0.037664783,76
2.900188324,-0.27,0.3,-0.01,,,,,,,,,,,,,0.037664783,77
2.937853107,-0.2,-1.05,0.04,,,,,,,,,,,,,0.037664783,78
2.975517891,-0.22,-0.99,-0.39,,,,,,,,,,,,,0.037664783,79
3.013182674,-0.32,0.43,-0.28,,,,,,,,,,,,,0.037664783,80
3.050847458,-0.19,-0.64,-0.55,,,,,,,,,,,,,0.037664783,81
3.088512241,-0.3,-0.77,-0.11,,,,,,,,,,,,,0.037664783,82
3.126177024,-0.14,-0.4,-0.41,,,,,,,,,,,,,0.037664783,83
3.163841808,-0.25,-0.81,-0.28,,,,,,,,,,,,,0.037664783,84
3.201506591,-0.26,-0.89,-0.36,,,,,,,,,,,,,0.037664783,85
3.239171375,-0.25,-0.18,-0.39,,,,,,,,,,,,,0.037664783,86
3.276836158,-0.04,-2,-0.28,,,,,,,,,,,,,0.037664783,87
3.314500942,-0.28,-0.33,-0.69,,,,,,,,,,,,,0.037664783,88
3.352165725,-0.13,-0.5,-0.89,,,,,,,,,,,,,0.037664783,89
3.389830508,-0.21,-1.17,-0.27,,,,,,,,,,,,,0.037664783,90
3.427495292,-0.29,-0.66,-0.17,,,,,,,,,,,,,0.037664783,91
3.465160075,-0.27,0,-0.39,,,,,,,,,,,,,0.037664783,92
3.502824859,-0.17,-1.21,-0.16,,,,,,,,,,,,,0.037664783,93
3.540489642,-0.14,-0.39,-0.99,,,,,,,,,,,,,0.037664783,94
3.578154426,-0.05,-1.89,-0.34,,,,,,,,,,,,,0.037664783,95
3.615819209,0,-2,-0.63,,,,,,,,,,,,,0.037664783,96
3.653483992,-0.34,0.63,-0.15,,,,,,,,,,,,,0.037664783,97
3.691148776,-0.12,-2,-0.12,,,,,,,,,,,,,0.037664783,98
3.728813559,-0.15,-0.92,-0.43,,,,,,,,,,,,,0.037664783,99
3.766478343,-0.2,1.3,-0.91,,,,,,,,,,,,,0.037664783,100
3.804143126,-0.14,-1.21,0.18,,,,,,,,,,,,,0.037664783,101
3.84180791,-0.43,1.25,-0.14,,,,,,,,,,,,,0.037664783,102
3.879472693,-0.2,-1.77,-0.19,,,,,,,,,,,,,0.037664783,103
3.917137476,-0.26,-0.33,0.18,,,,,,,,,,,,,0.037664783,104
3.95480226,-0.3,0.8,-0.92,,,,,,,,,,,,,0.037664783,105
3.992467043,-0.21,-0.77,-0.52,,,,,,,,,,,,,0.037664783,106
4.030131827,-0.11,-1.46,-0.32,,,,,,,,,,,,,0.037664783,107
4.06779661,-0.12,-1.65,-0.6,,,,,,,,,,,,,0.037664783,108
4.105461394,-0.23,-0.85,-0.37,,,,,,,,,,,,,0.037664783,109
4.143126177,-0.29,-0.76,-0.81,,,,,,,,,,,,,0.037664783,110
4.18079096,-0.16,-1.15,-0.17,,,,,,,,,,,,,0.037664783,111
4.218455744,-0.08,-1.74,-0.4,,,,,,,,,,,,,0.037664783,112
4.256120527,-0.34,-0.14,-0.14,,,,,,,,,,,,,0.037664783,113
4.293785311,-0.06,-0.05,-0.76,,,,,,,,,,,,,0.037664783,114
4.331450094,-0.17,-0.2,-0.37,,,,,,,,,,,,,0.037664783,115
4.369114878,0.05,-2,-0.59,,,,,,,,,,,,,0.037664783,116
4.406779661,-0.3,0.23,-0.63,,,,,,,,,,,,,0.037664783,117
4.444444444,-0.07,-0.88,-0.57,,,,,,,,,,,,,0.037664783,118
4.482109228,-0.09,-2,-0.45,,,,,,,,,,,,,0.037664783,119
4.519774011,-0.32,0.39,-0.57,,,,,,,,,,,,,0.037664783,120
4.557438795,0.07,-2,-0.43,,,,,,,,,,,,,0.037664783,121
4.595103578,-0.15,-0.17,-0.97,,,,,,,,,,,,,0.037664783,122
4.632768362,-0.12,-2,0.12,,,,,,,,,,,,,0.037664783,123
4.670433145,-0.16,-0.56,-0.79,,,,,,,,,,,,,0.037664783,124
4.708097928,-0.19,-0.09,-0.93,,,,,,,,,,,,,0.037664783,125
4.745762712,-0.16,-2,0.09,,,,,,,,,,,,,0.037664783,126
4.783427495,-0.2,-0.23,-0.38,,,,,,,,,,,,,0.037664783,127
4.821092279,-0.15,-0.79,-0.48,,,,,,,,,,,,,0.037664783,128
4.858757062,-0.21,-0.91,-0.12,,,,,,,,,,,,,0.037664783,129
4.896421846,-0.17,-0.62,-0.37,,,,,,,,,,,,,0.037664783,130
4.934086629,-0.14,-1.74,-0.64,,,,,,,,,,,,,0.037664783,131
4.971751412,-0.23,-0.12,-0.5,,,,,,,,,,,,,0.037664783,132
5.009416196,-0.27,0.09,-0.79,,,,,,,,,,,,,0.037664783,133
5.047080979,-0.13,-1.13,-0.77,,,,,,,,,,,,,0.037664783,134
5.084745763,-0.2,-1.37,-0.3,,,,,,,,,,,,,0.037664783,135
5.122410546,-0.07,-1.85,-0.41,,,,,,,,,,,,,0.037664783,136
5.16007533,-0.2,-1.61,-0.36,,,,,,,,,,,,,0.037664783,137
5.197740113,-0.25,-0.18,-0.63,,,,,,,,,,,,,0.037664783,138
5.235404896,-0.18,-1.57,0.02,,,,,,,,,,,,,0.037664783,139
5.27306968,-0.2,-2,-0.13,,,,,,,,,,,,,0.037664783,140
5.310734463,-0.15,-1.03,-0.52,,,,,,,,,,,,,0.037664783,141
5.348399247,-0.12,-2,-0.56,,,,,,,,,,,,,0.037664783,142
5.38606403,-0.16,-0.95,-0.69,,,,,,,,,,,,,0.037664783,143
5.423728814,-0.14,-1.55,-0.42,,,,,,,,,,,,,0.037664783,144
5.461393597,-0.19,-0.98,-0.28,,,,,,,,,,,,,0.037664783,145
5.49905838,-0.17,0.01,-0.59,,,,,,,,,,,,,0.037664783,146
5.536723164,-0.07,-1.71,-0.59,,,,,,,,,,,,,0.037664783,147
5.574387947,-0.27,-1.02,-0.29,,,,,,,,,,,,,0.037664783,148
5.612052731,-0.31,-1.34,0.16,,,,,,,,,,,,,0.037664783,149
5.649717514,-0.2,-0.06,-0.76,,,,,,,,,,,,,0.037664783,150
5.687382298,-0.25,1.27,-0.78,,,,,,,,,,,,,0.037664783,151
5.725047081,-0.1,-1.89,0.22,,,,,,,,,,,,,0.037664783,152
5.762711864,-0.26,-0.72,-0.35,,,,,,,,,,,,,0.037664783,153
5.800376648,-0.21,0.27,-0.55,,,,,,,,,,,,,0.037664783,154
5.838041431,-0.16,-0.59,-0.42,,,,,,,,,,,,,0.037664783,155
5.875706215,-0.22,-0.68,0.22,,,,,,,,,,,,,0.037664783,156
5.913370998,-0.28,-1.56,0.06,,,,,,,,,,,,,0.037664783,157
5.951035782,-0.35,1.11,-0.5,,,,,,,,,,,,,0.037664783,158
5.988700565,-0.05,-2,-0.46,,,,,,,,,,,,,0.037664783,159
6.026365348,-0.21,-1.16,-0.4,,,,,,,,,,,,,0.037664783,160
6.064030132,-0.11,-1.64,-0.34,,,,,,,,,,,,,0.037664783,161
6.101694915,-0.25,-0.27,-0.39,,,,,,,,,,,,,0.037664783,162
6.139359699,-0.21,-0.74,-0.42,,,,,,,,,,,,,0.037664783,163
6.177024482,-0.17,-0.74,-0.54,,,,,,,,,,,,,0.037664783,164
6.214689266,-0.12,-1.66,-0.31,,,,,,,,,,,,,0.037664783,165
6.252354049,-0.25,-0.22,-0.5,,,,,,,,,,,,,0.037664783,166
6.290018832,-0.16,-2,-0.11,,,,,,,,,,,,,0.037664783,167
6.327683616,-0.22,-1.45,-0.22,,,,,,,,,,,,,0.037664783,168
6.365348399,-0.07,-0.7,-0.57,,,,,,,,,,,,,0.037664783,169
6.403013183,-0.23,-1.31,-0.49,,,,,,,,,,,,,0.037664783,170
6.440677966,0,-2,-0.45,,,,,,,,,,,,,0.037664783,171
6.47834275,-0.01,-2,-0.75,,,,,,,,,,,,,0.037664783,172
6.516007533,-0.25,-0.33,-0.64,,,,,,,,,,,,,0.037664783,173
6.553672316,-0.1,-1.27,-0.29,,,,,,,,,,,,,0.037664783,174
6.5913371,0,-2,-0.68,,,,,,,,,,,,,0.037664783,175
6.629001883,-0.3,-0.16,-0.23,,,,,,,,,,,,,0.037664783,176
6.666666667,-0.12,-1.79,-0.23,,,,,,,,,,,,,0.037664783,177
6.70433145,-0.38,0.37,-0.33,,,,,,,,,,,,,0.037664783,178
6.741996234,-0.21,-2,-0.01,,,,,,,,,,,,,0.037664783,179
6.779661017,-0.2,0.02,-0.68,,,,,,,,,,,,,0.037664783,180
6.8173258,-0.04,-1.46,-0.93,,,,,,,,,,,,,0.037664783,181
6.854990584,-0.25,-1.15,-0.01,,,,,,,,,,,,,0.037664783,182
6.892655367,0.01,-2,-0.57,,,,,,,,,,,,,0.037664783,183
6.930320151,-0.36,1.59,-0.39,,,,,,,,,,,,,0.037664783,184
6.967984934,0.04,-2,-0.37,,,,,,,,,,,,,0.037664783,185
7.005649718,-0.29,-0.49,-0.23,,,,,,,,,,,,,0.037664783,186
7.043314501,-0.11,-1.26,-0.67,,,,,,,,,,,,,0.037664783,187
7.080979284,-0.2,-0.73,-0.38,,,,,,,,,,,,,0.037664783,188
7.118644068,-0.2,-0.68,-0.54,,,,,,,,,,,,,0.037664783,189
7.156308851,-0.3,-0.95,-0.69,,,,,,,,,,,,,0.037664783,190
7.193973635,-0.21,-1.13,-0.25,,,,,,,,,,,,,0.037664783,191
7.231638418,-0.23,-0.36,-0.54,,,,,,,,,,,,,0.037664783,192
7.269303202,-0.2,0.02,-0.67,,,,,,,,,,,,,0.037664783,193
7.306967985,0.06,-2,-0.82,,,,,,,,,,,,,0.037664783,194
7.344632768,-0.45,0.77,-0.23,,,,,,,,,,,,,0.037664783,195
7.382297552,-0.06,-2,-0.47,,,,,,,,,,,,,0.037664783,196
7.419962335,-0.45,0.69,0.16,,,,,,,,,,,,,0.037664783,197
7.457627119,-0.22,-1.2,-0.37,,,,,,,,,,,,,0.037664783,198
7.495291902,-0.29,-0.76,0.21,,,,,,,,,,,,,0.037664783,199
7.532956685,-0.29,0.2,-0.2,,,,,,,,,,,,,0.037664783,200
7.570621469,-0.1,-1.79,-0.56,,,,,,,,,,,,,0.037664783,201
7.608286252,-0.21,0.29,-0.6,,,,,,,,,,,,,0.037664783,202
7.645951036,-0.11,-2,-0.42,,,,,,,,,,,,,0.037664783,203
7.683615819,-0.22,-2,-0.32,,,,,,,,,,,,,0.037664783,204
7.721280603,-0.18,-1.43,-0.56,,,,,,,,,,,,,0.037664783,205
7.758945386,-0.11,-1.61,-0.49,,,,,,,,,,,,,0.037664783,206
7.796610169,-0.29,0.47,-0.07,,,,,,,,,,,,,0.037664783,207
7.834274953,-0.43,-0.02,-0.44,,,,,,,,,,,,,0.037664783,208
7.871939736,-0.33,0.75,-0.36,,,,,,,,,,,,,0.037664783,209
7.90960452,-0.07,-2,-0.13,,,,,,,,,,,,,0.037664783,210
7.947269303,-0.14,-1.39,-0.39,,,,,,,,,,,,,0.037664783,211
7.984934087,-0.22,-0.42,-0.78,,,,,,,,,,,,,0.037664783,212
8.02259887,-0.21,-0.15,-0.53,,,,,,,,,,,,,0.037664783,213
8.060263653,-0.12,-2,-0.27,,,,,,,,,,,,,0.037664783,214
8.097928437,-0.26,0.07,-0.43,,,,,,,,,,,,,0.037664783,215
8.13559322,0.06,-2,-0.43,,,,,,,,,,,,,0.037664783,216
8.173258004,-0.2,-0.17,0.11,,,,,,,,,,,,,0.037664783,217
8.210922787,0.03,-1.71,-0.82,,,,,,,,,,,,,0.037664783,218
8.248587571,-0.37,0.47,-0.27,,,,,,,,,,,,,0.037664783,219
8.286252354,-0.21,0.34,-0.51,,,,,,,,,,,,,0.037664783,220
8.323917137,-0.14,-1.15,-0.35,,,,,,,,,,,,,0.037664783,221
8.361581921,-0.12,-1.89,-0.23,,,,,,,,,,,,,0.037664783,222
8.399246704,-0.29,-1.29,0.16,,,,,,,,,,,,,0.037664783,223
8.436911488,-0.18,-0.23,-1.06,,,,,,,,,,,,,0.037664783,224
8.474576271,-0.31,0.73,-0.66,,,,,,,,,,,,,0.037664783,225
8.512241055,-0.12,-1.97,-0.19,,,,,,,,,,,,,0.037664783,226
8.549905838,-0.21,-0.64,-0.63,,,,,,,,,,,,,0.037664783,227
8.587570621,-0.26,-1.11,-0.09,,,,,,,,,,,,,0.037664783,228
8.625235405,-0.14,-1.3,-0.11,,,,,,,,,,,,,0.037664783,229
8.662900188,-0.33,1.21,-0.59,,,,,,,,,,,,,0.037664783,230
8.700564972,-0.12,-0.23,-0.9,,,,,,,,,,,,,0.037664783,231
8.738229755,-0.16,-2,0.17,,,,,,,,,,,,,0.037664783,232
8.775894539,-0.23,0.39,-0.66,,,,,,,,,,,,,0.037664783,233
8.813559322,-0.14,-1.6,-0.14,,,,,,,,,,,,,0.037664783,234
8.851224105,-0.08,-0.64,-0.79,,,,,,,,,,,,,0.037664783,235
8.888888889,-0.14,-0.15,-0.61,,,,,,,,,,,,,0.037664783,236
8.926553672,-0.09,-2,-0.31,,,,,,,,,,,,,0.037664783,237
8.964218456,-0.3,0.75,-0.6,,,,,,,,,,,,,0.037664783,238
9.001883239,-0.17,-0.9,-0.02,,,,,,,,,,,,,0.037664783,239
9.039548023,-0.29,-0.87,-0.18,,,,,,,,,,,,,0.037664783,240
9.077212806,-0.33,0.31,-0.44,,,,,,,,,,,,,0.037664783,241
9.114877589,-0.23,-0.71,-0.53,,,,,,,,,,,,,0.037664783,242
9.152542373,-0.36,0.1,-0.34,,,,,,,,,,,,,0.037664783,243
9.190207156,-0.18,-2,-0.02,,,,,,,,,,,,,0.037664783,244
9.22787194,-0.24,-0.34,-0.52,,,,,,,,,,,,,0.037664783,245
9.265536723,-0.25,-0.42,-0.54,,,,,,,,,,,,,0.037664783,246
9.303201507,-0.08,-1.65,-0.35,,,,,,,,,,,,,0.037664783,247
9.34086629,-0.37,-0.96,-0.21,,,,,,,,,,,,,0.037664783,248
9.378531073,-0.19,-1.76,-0.28,,,,,,,,,,,,,0.037664783,249
9.416195857,-0.26,0.28,-0.66,,,,,,,,,,,,,0.037664783,250
9.45386064,-0.12,-0.64,-0.18,,,,,,,,,,,,,0.037664783,251
9.491525424,-0.11,-1.25,-0.71,,,,,,,,,,,,,0.037664783,252
9.529190207,-0.12,-1.48,-0.4,,,,,,,,,,,,,0.037664783,253
9.566854991,-0.18,-2,-0.49,,,,,,,,,,,,,0.037664783,254
9.604519774,-0.06,-1.8,-0.57,,,,,,,,,,,,,0.037664783,255
9.642184557,-0.34,2,-1,,,,,,,,,,,,,0.037664783,256
9.679849341,-0.16,-2,-0.02,,,,,,,,,,,,,0.037664783,257
9.717514124,0.02,-2,-1.05,,,,,,,,,,,,,0.037664783,258
9.755178908,-0.39,-0.65,0.46,,,,,,,,,,,,,0.037664783,259
9.792843691,-0.22,-1.31,0.03,,,,,,,,,,,,,0.037664783,260
9.830508475,-0.2,0.78,-0.98,,,,,,,,,,,,,0.037664783,261
9.868173258,-0.2,-1.79,0.41,,,,,,,,,,,,,0.037664783,262
9.905838041,-0.23,-1.17,0.11,,,,,,,,,,,,,0.037664783,263
9.943502825,-0.35,0.84,-0.08,,,,,,,,,,,,,0.037664783,264
9.981167608,-0.46,0.31,0.11,,,,,,,,,,,,,0.037664783,265
10.01883239,-0.08,-0.43,-0.94,,,,,,,,,,,,,0.037664783,266
10.05649718,-0.13,-1.48,-0.34,,,,,,,,,,,,,0.037664783,267
10.09416196,-0.09,-1.33,-0.8,,,,,,,,,,,,,0.037664783,268
10.13182674,-0.06,-2,-0.46,,,,,,,,,,,,,0.037664783,269
10.16949153,-0.27,0.05,-0.76,,,,,,,,,,,,,0.037664783,270
10.20715631,-0.23,-1.43,-0.39,,,,,,,,,,,,,0.037664783,271
10.24482109,-0.05,-2,-0.18,,,,,,,,,,,,,0.037664783,272
10.28248588,-0.02,-1.37,-1.05,,,,,,,,,,,,,0.037664783,273
10.32015066,-0.16,-0.83,-0.51,,,,,,,,,,,,,0.037664783,274
10.35781544,-0.15,-1.04,-0.43,,,,,,,,,,,,,0.037664783,275
10.39548023,0.04,-2,-0.63,,,,,,,,,,,,,0.037664783,276
10.43314501,-0.21,-0.12,-0.29,,,,,,,,,,,,,0.037664783,277
10.47080979,-0.14,-2,-0.29,,,,,,,,,,,,,0.037664783,278
10.50847458,-0.15,-0.67,-0.32,,,,,,,,,,,,,0.037664783,279
10.54613936,-0.24,-0.36,-0.3,,,,,,,,,,,,,0.037664783,280
10.58380414,-0.21,-1.17,-0.38,,,,,,,,,,,,,0.037664783,281
10.62146893,-0.36,1.85,-0.73,,,,,,,,,,,,,0.037664783,282
10.65913371,-0.14,-1.08,-0.22,,,,,,,,,,,,,0.037664783,283
10.69679849,-0.23,0.31,-0.59,,,,,,,,,,,,,0.037664783,284
10.73446328,-0.02,-1.96,-0.44,,,,,,,,,,,,,0.037664783,285
10.77212806,-0.28,0.63,-0.81,,,,,,,,,,,,,0.037664783,286
10.80979284,-0.25,-1.04,-0.17,,,,,,,,,,,,,0.037664783,287
10.84745763,-0.09,-2,-0.71,,,,,,,,,,,,,0.037664783,288
10.88512241,-0.26,0.81,-0.84,,,,,,,,,,,,,0.037664783,289
10.92278719,-0.31,-0.17,-0.42,,,,,,,,,,,,,0.037664783,290
10.96045198,-0.1,-2,-0.63,,,,,,,,,,,,,0.037664783,291
10.99811676,-0.01,-2,-0.17,,,,,,,,,,,,,0.037664783,292
11.03578154,-0.2,-1.44,-0.25,,,,,,,,,,,,,0.037664783,293
11.07344633,-0.12,-0.77,-0.23,,,,,,,,,,,,,0.037664783,294
11.11111111,-0.13,-1.33,-0.51,,,,,,,,,,,,,0.037664783,295
11.14877589,-0.03,-0.53,-0.52,,,,,,,,,,,,,0.037664783,296
11.18644068,-0.17,-2,-0.23,,,,,,,,,,,,,0.037664783,297
11.22410546,-0.21,-0.97,-0.33,,,,,,,,,,,,,0.037664783,298
11.26177024,-0.25,0.97,-0.54,,,,,,,,,,,,,0.037664783,299
11.29943503,-0.19,-0.22,-1.09,,,,,,,,,,,,,0.037664783,300
11.33709981,-0.12,-2,0.69,,,,,,,,,,,,,0.037664783,301
11.3747646,-0.38,-1.24,0.41,,,,,,,,,,,,,0.037664783,302
11.41242938,-0.11,-1.72,-0.33,,,,,,,,,,,,,0.037664783,303
11.45009416,-0.2,-0.51,-0.1,,,,,,,,,,,,,0.037664783,304
11.48775895,-0.29,0.13,-0.52,,,,,,,,,,,,,0.037664783,305
11.52542373,-0.18,-0.64,-0.82,,,,,,,,,,,,,0.037664783,306
11.56308851,-0.16,-1.18,-0.44,,,,,,,,,,,,,0.037664783,307
11.6007533,-0.17,-1.42,-0.41,,,,,,,,,,,,,0.037664783,308
11.63841808,-0.18,-0.3,-0.5,,,,,,,,,,,,,0.037664783,309
11.67608286,-0.12,-1.32,-0.08,,,,,,,,,,,,,0.037664783,310
11.71374765,-0.16,-0.9,0.07,,,,,,,,,,,,,0.037664783,311
11.75141243,-0.2,-0.72,-0.91,,,,,,,,,,,,,0.037664783,312
11.78907721,-0.35,-0.73,-0.21,,,,,,,,,,,,,0.037664783,313
11.826742,-0.15,-2,-0.68,,,,,,,,,,,,,0.037664783,314
11.86440678,-0.06,-1.21,-0.74,,,,,,,,,,,,,0.037664783,315
11.90207156,-0.26,-2,0.03,,,,,,,,,,,,,0.037664783,316
11.93973635,-0.2,-0.72,-0.07,,,,,,,,,,,,,0.037664783,317
11.97740113,-0.3,0.36,-0.91,,,,,,,,,,,,,0.037664783,318
12.01506591,-0.09,-1.49,-0.78,,,,,,,,,,,,,0.037664783,319
12.0527307,0.01,-2,-0.3,,,,,,,,,,,,,0.037664783,320
12.09039548,-0.2,-1.57,-0.36,,,,,,,,,,,,,0.037664783,321
12.12806026,-0.11,-0.41,-0.85,,,,,,,,,,,,,0.037664783,322
12.16572505,-0.09,-1.22,-0.89,,,,,,,,,,,,,0.037664783,323
12.20338983,-0.36,0.47,0.1,,,,,,,,,,,,,0.037664783,324
12.24105461,-0.07,-2,-0.46,,,,,,,,,,,,,0.037664783,325
12.2787194,-0.2,-0.24,-0.62,,,,,,,,,,,,,0.037664783,326
12.31638418,-0.11,-1.71,-0.55,,,,,,,,,,,,,0.037664783,327
12.35404896,-0.17,-0.7,-0.66,,,,,,,,,,,,,0.037664783,328
12.39171375,-0.29,-1.25,-0.29,,,,,,,,,,,,,0.037664783,329
12.42937853,-0.36,1.26,-0.62,,,,,,,,,,,,,0.037664783,330
12.46704331,-0.06,-1.56,-0.69,,,,,,,,,,,,,0.037664783,331
12.5047081,-0.12,-1,-0.76,,,,,,,,,,,,,0.037664783,332
12.54237288,0.02,-2,-0.25,,,,,,,,,,,,,0.037664783,333
12.58003766,-0.1,-1.3,-0.29,,,,,,,,,,,,,0.037664783,334
12.61770245,-0.21,-1.89,-0.34,,,,,,,,,,,,,0.037664783,335
12.65536723,-0.22,-0.05,-0.61,,,,,,,,,,,,,0.037664783,336
12.69303202,-0.21,-2,-0.11,,,,,,,,,,,,,0.037664783,337
12.7306968,-0.2,-1.05,-0.4,,,,,,,,,,,,,0.037664783,338
12.76836158,-0.22,-0.01,-0.65,,,,,,,,,,,,,0.037664783,339
12.80602637,-0.16,-1.36,0.03,,,,,,,,,,,,,0.037664783,340
12.84369115,-0.11,-2,0.22,,,,,,,,,,,,,0.037664783,341
12.88135593,-0.36,-0.39,-0.55,,,,,,,,,,,,,0.037664783,342
12.91902072,-0.25,-0.89,0.16,,,,,,,,,,,,,0.037664783,343
12.9566855,-0.14,-0.99,-0.63,,,,,,,,,,,,,0.037664783,344
12.99435028,-0.17,0.78,-0.51,,,,,,,,,,,,,0.037664783,345
13.03201507,-0.14,-1.79,-0.39,,,,,,,,,,,,,0.037664783,346
13.06967985,-0.09,-1.3,-0.36,,,,,,,,,,,,,0.037664783,347
13.10734463,-0.28,0.86,-0.73,,,,,,,,,,,,,0.037664783,348
13.14500942,0.02,-2,-0.25,,,,,,,,,,,,,0.037664783,349
13.1826742,0,-1.23,-1.11,,,,,,,,,,,,,0.037664783,350
13.22033898,-0.18,-0.18,-0.67,,,,,,,,,,,,,0.037664783,351
13.25800377,-0.12,-1.21,-0.5,,,,,,,,,,,,,0.037664783,352
13.29566855,-0.15,-0.86,-0.77,,,,,,,,,,,,,0.037664783,353
13.33333333,-0.25,-0.09,-0.02,,,,,,,,,,,,,0.037664783,354
13.37099812,-0.16,-1.78,0.04,,,,,,,,,,,,,0.037664783,355
13.4086629,-0.46,1.86,-0.57,,,,,,,,,,,,,0.037664783,356
13.44632768,-0.09,-1.77,-0.42,,,,,,,,,,,,,0.037664783,357
13.48399247,-0.18,-1.5,-0.27,,,,,,,,,,,,,0.037664783,358
13.52165725,-0.13,-0.05,-0.68,,,,,,,,,,,,,0.037664783,359
13.55932203,-0.21,-1.05,-0.43,,,,,,,,,,,,,0.037664783,360
13.59698682,-0.28,0.92,-0.34,,,,,,,,,,,,,0.037664783,361
13.6346516,-0.12,-1.93,-0.43,,,,,,,,,,,,,0.037664783,362
13.67231638,-0.19,-0.12,-0.88,,,,,,,,,,,,,0.037664783,363
13.70998117,-0.11,-1.41,-0.75,,,,,,,,,,,,,0.037664783,364
13.74764595,-0.18,-1.32,0.02,,,,,,,,,,,,,0.037664783,365
13.78531073,-0.14,-1.19,-0.42,,,,,,,,,,,,,0.037664783,366
13.82297552,-0.11,-1.75,-0.25,,,,,,,,,,,,,0.037664783,367
13.8606403,-0.23,-1.46,0.2,,,,,,,,,,,,,0.037664783,368
13.89830508,-0.1,-2,-0.7,,,,,,,,,,,,,0.037664783,369
13.93596987,-0.41,-0.21,-0.23,,,,,,,,,,,,,0.037664783,370
13.97363465,-0.1,-2,-0.72,,,,,,,,,,,,,0.037664783,371
14.01129944,-0.25,-0.39,-0.39,,,,,,,,,,,,,0.037664783,372
14.04896422,-0.22,-1.84,-0.65,,,,,,,,,,,,,0.037664783,373
14.086629,-0.11,-0.93,-0.23,,,,,,,,,,,,,0.037664783,374
14.12429379,0.03,-2,-0.18,,,,,,,,,,,,,0.037664783,375
14.16195857,-0.3,0.82,-0.54,,,,,,,,,,,,,0.037664783,376
14.19962335,-0.14,-1.88,-0.28,,,,,,,,,,,,,0.037664783,377
14.23728814,-0.16,-1.21,-0.32,,,,,,,,,,,,,0.037664783,378
14.27495292,-0.37,-0.04,-0.07,,,,,,,,,,,,,0.037664783,379
14.3126177,0.01,-2,-0.89,,,,,,,,,,,,,0.037664783,380
14.35028249,-0.23,-0.59,-0.76,,,,,,,,,,,,,0.037664783,381
14.38794727,-0.28,-0.86,-0.17,,,,,,,,,,,,,0.037664783,382
14.42561205,-0.11,-2,-0.5,,,,,,,,,,,,,0.037664783,383
14.46327684,-0.23,-0.04,-0.57,,,,,,,,,,,,,0.037664783,384
14.50094162,-0.18,-1.18,-0.13,,,,,,,,,,,,,0.037664783,385
14.5386064,-0.1,-0.83,-0.23,,,,,,,,,,,,,0.037664783,386
14.57627119,-0.34,-0.02,-0.18,,,,,,,,,,,,,0.037664783,387
14.61393597,-0.11,-2,-0.38,,,,,,,,,,,,,0.037664783,388
14.65160075,-0.24,-0.61,-0.12,,,,,,,,,,,,,0.037664783,389
14.68926554,-0.25,-0.62,-0.06,,,,,,,,,,,,,0.037664783,390
14.72693032,0,-2,-0.3,,,,,,,,,,,,,0.037664783,391
14.7645951,-0.41,1.12,-0.03,,,,,,,,,,,,,0.037664783,392
14.80225989,-0.08,-1.68,-0.23,,,,,,,,,,,,,0.037664783,393
14.83992467,-0.27,-0.77,0.1,,,,,,,,,,,,,0.037664783,394
14.87758945,-0.13,-0.35,-0.66,,,,,,,,,,,,,0.037664783,395
14.91525424,-0.21,-0.33,-0.43,,,,,,,,,,,,,0.037664783,396
14.95291902,-0.16,-1.2,-0.12,,,,,,,,,,,,,0.037664783,397
14.9905838,-0.07,-2,-0.42,,,,,,,,,,,,,0.037664783,398
15.02824859,-0.21,-0.26,-0.23,,,,,,,,,,,,,0.037664783,399
15.06591337,-0.09,-1.32,-0.6,,,,,,,,,,,,,0.037664783,400
15.10357815,-0.32,-0.18,-0.06,,,,,,,,,,,,,0.037664783,401
15.14124294,-0.2,-0.07,-0.78,,,,,,,,,,,,,0.037664783,402
15.17890772,-0.32,-0.37,-0.24,,,,,,,,,,,,,0.037664783,403
15.2165725,-0.31,-0.14,-0.62,,,,,,,,,,,,,0.037664783,404
15.25423729,-0.07,-2,0.01,,,,,,,,,,,,,0.037664783,405
15.29190207,-0.2,-0.31,-0.41,,,,,,,,,,,,,0.037664783,406
15.32956685,-0.26,-0.8,-0.24,,,,,,,,,,,,,0.037664783,407
15.36723164,-0.38,1.04,-0.4,,,,,,,,,,,,,0.037664783,408
15.40489642,-0.18,-1.4,-0.32,,,,,,,,,,,,,0.037664783,409
15.44256121,-0.26,0.18,-0.69,,,,,,,,,,,,,0.037664783,410
15.48022599,-0.28,-0.64,0.12,,,,,,,,,,,,,0.037664783,411
15.51789077,-0.15,-2,-0.39,,,,,,,,,,,,,0.037664783,412
15.55555556,-0.2,-0.39,-0.35,,,,,,,,,,,,,0.037664783,413
15.59322034,-0.07,-1.23,-0.46,,,,,,,,,,,,,0.037664783,414
15.63088512,-0.16,-1.07,-0.09,,,,,,,,,,,,,0.037664783,415
15.66854991,-0.14,-1.63,0,,,,,,,,,,,,,0.037664783,416
15.70621469,-0.13,-1.02,-0.6,,,,,,,,,,,,,0.037664783,417
15.74387947,-0.35,1.28,-0.36,,,,,,,,,,,,,0.037664783,418
15.78154426,0.08,-2,-0.19,,,,,,,,,,,,,0.037664783,419
15.81920904,-0.32,-1.79,0.57,,,,,,,,,,,,,0.037664783,420
15.85687382,0.02,-0.18,-1.62,,,,,,,,,,,,,0.037664783,421
15.89453861,-0.15,-0.35,-0.94,,,,,,,,,,,,,0.037664783,422
15.93220339,-0.11,-1.37,-0.5,,,,,,,,,,,,,0.037664783,423
15.96986817,-0.09,-1.05,-0.88,,,,,,,,,,,,,0.037664783,424
16.00753296,-0.27,-1.53,0.19,,,,,,,,,,,,,0.037664783,425
16.04519774,-0.22,-1.07,-0.36,,,,,,,,,,,,,0.037664783,426
16.08286252,-0.19,-0.67,-0.48,,,,,,,,,,,,,0.037664783,427
16.12052731,-0.21,-0.74,-0.59,,,,,,,,,,,,,0.037664783,428
16.15819209,-0.24,-1.66,-0.46,,,,,,,,,,,,,0.037664783,429
16.19585687,-0.17,-1.27,-0.33,,,,,,,,,,,,,0.037664783,430
16.23352166,-0.21,-0.48,-0.64,,,,,,,,,,,,,0.037664783,431
16.27118644,-0.16,-1.8,-0.06,,,,,,,,,,,,,0.037664783,432
16.30885122,-0.18,-0.52,-0.42,,,,,,,,,,,,,0.037664783,433
16.34651601,-0.25,-0.45,-0.18,,,,,,,,,,,,,0.037664783,434
16.38418079,-0.21,-0.06,-0.48,,,,,,,,,,,,,0.037664783,435
16.42184557,-0.29,0.5,-0.29,,,,,,,,,,,,,0.037664783,436
16.45951036,-0.17,-0.67,-0.47,,,,,,,,,,,,,0.037664783,437
16.49717514,-0.18,-0.47,-0.36,,,,,,,,,,,,,0.037664783,438
16.53483992,-0.12,-2,-0.35,,,,,,,,,,,,,0.037664783,439
16.57250471,-0.25,-0.24,-0.2,,,,,,,,,,,,,0.037664783,440
16.61016949,-0.14,-0.16,-0.54,,,,,,,,,,,,,0.037664783,441
16.64783427,-0.15,-2,-0.07,,,,,,,,,,,,,0.037664783,442
16.68549906,-0.3,-0.28,-0.53,,,,,,,,,,,,,0.037664783,443
16.72316384,-0.19,-1.4,-0.46,,,,,,,,,,,,,0.037664783,444
16.76082863,-0.09,-0.39,-0.59,,,,,,,,,,,,,0.037664783,445
16.79849341,-0.12,-1.01,-0.23,,,,,,,,,,,,,0.037664783,446
16.83615819,-0.17,-2,-0.07,,,,,,,,,,,,,0.037664783,447
16.87382298,-0.19,-1.07,-0.37,,,,,,,,,,,,,0.037664783,448
16.91148776,-0.28,-0.54,-0.21,,,,,,,,,,,,,0.037664783,449
16.94915254,-0.12,-1.19,-0.43,,,,,,,,,,,,,0.037664783,450
16.98681733,-0.24,0.45,-0.8,,,,,,,,,,,,,0.037664783,451
17.02448211,-0.21,-1.48,0.33,,,,,,,,,,,,,0.037664783,452
17.06214689,-0.17,-1.93,0.05,,,,,,,,,,,,,0.037664783,453
17.09981168,-0.4,0.89,-0.27,,,,,,,,,,,,,0.037664783,454
17.13747646,-0.25,-0.6,-0.71,,,,,,,,,,,,,0.037664783,455
17.17514124,-0.23,-1.18,0.4,,,,,,,,,,,,,0.037664783,456
17.21280603,-0.3,0,0.12,,,,,,,,,,,,,0.037664783,457
17.25047081,-0.03,-2,-0.57,,,,,,,,,,,,,0.037664783,458
17.28813559,-0.23,-0.34,0.23,,,,,,,,,,,,,0.037664783,459
17.32580038,-0.13,-0.89,-0.66,,,,,,,,,,,,,0.037664783,460
17.36346516,-0.24,-0.56,-0.04,,,,,,,,,,,,,0.037664783,461
17.40112994,-0.45,2,-0.76,,,,,,,,,,,,,0.037664783,462
17.43879473,-0.21,-1.52,-0.36,,,,,,,,,,,,,0.037664783,463
17.47645951,-0.08,-2,-0.13,,,,,,,,,,,,,0.037664783,464
17.51412429,-0.38,-0.34,-0.05,,,,,,,,,,,,,0.037664783,465
17.55178908,-0.17,-0.73,-0.63,,,,,,,,,,,,,0.037664783,466
17.58945386,-0.36,-0.13,-0.36,,,,,,,,,,,,,0.037664783,467
17.62711864,-0.18,-0.51,-0.65,,,,,,,,,,,,,0.037664783,468
17.66478343,-0.04,-2,-0.33,,,,,,,,,,,,,0.037664783,469
17.70244821,-0.34,0.77,-0.46,,,,,,,,,,,,,0.037664783,470
17.74011299,-0.12,-2,-0.52,,,,,,,,,,,,,0.037664783,471
17.77777778,-0.29,0.07,-0.09,,,,,,,,,,,,,0.037664783,472
17.81544256,-0.16,-0.7,-0.79,,,,,,,,,,,,,0.037664783,473
17.85310734,-0.2,-1.83,-0.12,,,,,,,,,,,,,0.037664783,474
17.89077213,-0.1,-1.02,-0.86,,,,,,,,,,,,,0.037664783,475
17.92843691,-0.19,-0.62,-0.73,,,,,,,,,,,,,0.037664783,476
17.96610169,-0.06,-1.28,-0.19,,,,,,,,,,,,,0.037664783,477
18.00376648,-0.21,-0.57,-0.64,,,,,,,,,,,,,0.037664783,478
18.04143126,-0.31,0.22,-0.57,,,,,,,,,,,,,0.037664783,479
18.07909605,-0.25,-1.5,-0.25,,,,,,,,,,,,,0.037664783,480
18.11676083,-0.21,0.48,-0.75,,,,,,,,,,,,,0.037664783,481
18.15442561,-0.23,-0.44,-0.25,,,,,,,,,,,,,0.037664783,482
18.1920904,-0.27,0.2,-0.54,,,,,,,,,,,,,0.037664783,483
18.22975518,-0.47,0.58,0.31,,,,,,,,,,,,,0.037664783,484
18.26741996,-0.3,0.64,-1.12,,,,,,,,,,,,,0.037664783,485
18.30508475,0.18,-2,-0.91,,,,,,,,,,,,,0.037664783,486
18.34274953,-0.12,-1.61,-0.53,,,,,,,,,,,,,0.037664783,487
18.38041431,-0.35,0.41,0.16,,,,,,,,,,,,,0.037664783,488
18.4180791,-0.23,-1.05,-0.43,,,,,,,,,,,,,0.037664783,489
18.45574388,-0.18,-0.55,-1.12,,,,,,,,,,,,,0.037664783,490
18.49340866,-0.34,-1.82,0.33,,,,,,,,,,,,,0.037664783,491
18.53107345,-0.18,-1.34,-0.32,,,,,,,,,,,,,0.037664783,492
18.56873823,-0.25,-0.96,-0.21,,,,,,,,,,,,,0.037664783,493
18.60640301,-0.2,-1.02,-0.2,,,,,,,,,,,,,0.037664783,494
18.6440678,-0.2,-2,0.12,,,,,,,,,,,,,0.037664783,495
18.68173258,-0.16,0.05,-0.75,,,,,,,,,,,,,0.037664783,496
18.71939736,-0.16,-0.98,-0.55,,,,,,,,,,,,,0.037664783,497
18.75706215,-0.1,-1.78,-0.39,,,,,,,,,,,,,0.037664783,498
18.79472693,-0.27,-0.42,-0.17,,,,,,,,,,,,,0.037664783,499
18.83239171,-0.09,-1.39,-0.39,,,,,,,,,,,,,0.037664783,500
18.8700565,-0.31,0.61,-0.12,,,,,,,,,,,,,0.037664783,501
18.90772128,-0.13,-2,-0.4,,,,,,,,,,,,,0.037664783,502
18.94538606,-0.31,-0.9,0.3,,,,,,,,,,,,,0.037664783,503
18.98305085,-0.02,-1.84,-0.9,,,,,,,,,,,,,0.037664783,504
19.02071563,-0.4,2,-0.75,,,,,,,,,,,,,0.037664783,505
19.05838041,-0.11,-2,0.38,,,,,,,,,,,,,0.037664783,506
19.0960452,-0.63,2,0.13,,,,,,,,,,,,,0.037664783,507
19.13370998,-0.17,-1.66,-0.48,,,,,,,,,,,,,0.037664783,508
19.17137476,-0.23,-1.52,0.14,,,,,,,,,,,,,0.037664783,509
19.20903955,-0.1,-1.61,-0.86,,,,,,,,,,,,,0.037664783,510
19.24670433,-0.14,-0.39,-0.54,,,,,,,,,,,,,0.037664783,511
19.28436911,-0.23,-1.86,-0.14,,,,,,,,,,,,,0.037664783,512
19.3220339,-0.37,-2,0.93,,,,,,,,,,,,,0.037664783,513
19.35969868,0.09,-2,-1.19,,,,,,,,,,,,,0.037664783,514
19.39736347,-0.08,-1.2,-0.27,,,,,,,,,,,,,0.037664783,515
19.43502825,-0.13,-1.62,-0.73,,,,,,,,,,,,,0.037664783,516
19.47269303,-0.16,-2,0.39,,,,,,,,,,,,,0.037664783,517
19.51035782,-0.3,1.34,-1.23,,,,,,,,,,,,,0.037664783,518
19.5480226,-0.25,-0.6,-0.54,,,,,,,,,,,,,0.037664783,519
19.58568738,-0.18,-1.44,-0.33,,,,,,,,,,,,,0.037664783,520
19.62335217,-0.37,0.3,-0.2,,,,,,,,,,,,,0.037664783,521
19.66101695,-0.07,-2,-0.59,,,,,,,,,,,,,0.037664783,522
19.69868173,-0.24,-0.5,-0.32,,,,,,,,,,,,,0.037664783,523
19.73634652,-0.15,0.11,-0.75,,,,,,,,,,,,,0.037664783,524
19.7740113,-0.01,-2,0.22,,,,,,,,,,,,,0.037664783,525
19.81167608,-0.34,-1.32,0.4,,,,,,,,,,,,,0.037664783,526
19.84934087,-0.05,-1.34,-0.98,,,,,,,,,,,,,0.037664783,527
19.88700565,-0.3,1.53,-0.88,,,,,,,,,,,,,0.037664783,528
19.92467043,-0.14,-2,0.21,,,,,,,,,,,,,0.037664783,529
19.96233522,-0.23,-1.48,0.54,,,,,,,,,,,,,0.037664783,530
20,-0.06,-2,0.19,,,,,,,,,,,,,0.037664783,531
